100010101,Joe,Johnson,3207
100010101,Joe,Johnson,3240
100010101,Joe,Johnson,3532
100010101,Joe,Johnson,3797
100010101,Joe,Johnson,3753
100010101,Joe,Johnson,3753
100010101,Joe,Johnson,3794
100010101,Joe,Johnson,3874
100010101,Joe,Johnson,3825
53279260,Isabella,WILSON,3827
53279260,Isabella,WILSON,4044
53279260,Isabella,WILSON,3924
53279260,Isabella,WILSON,4046
53279260,Isabella,WILSON,4507
53279260,Isabella,WILSON,4600
53279260,Isabella,WILSON,4661
53279260,Isabella,WILSON,5043
53279260,Isabella,WILSON,5086
14290592,Aiden,THOMPSON,5082
14290592,Aiden,THOMPSON,5198
14290592,Aiden,THOMPSON,5058
14290592,Aiden,THOMPSON,5046
14290592,Aiden,THOMPSON,4945
14290592,Aiden,THOMPSON,4848
14290592,Aiden,THOMPSON,4953
14290592,Aiden,THOMPSON,4934
14290592,Aiden,THOMPSON,5637
81732837,Jayden,WALKER,5572
81732837,Jayden,WALKER,5110
81732837,Jayden,WALKER,5265
81732837,Jayden,WALKER,5503
81732837,Jayden,WALKER,5384
81732837,Jayden,WALKER,5591
81732837,Jayden,WALKER,5550
81732837,Jayden,WALKER,5531
81732837,Jayden,WALKER,5536
89161904,Dylan,GREEN,5469
89161904,Dylan,GREEN,5850
89161904,Dylan,GREEN,5837
89161904,Dylan,GREEN,6054
89161904,Dylan,GREEN,5709
89161904,Dylan,GREEN,5897
89161904,Dylan,GREEN,5814
89161904,Dylan,GREEN,5763
89161904,Dylan,GREEN,5652
44010489,Elizabeth,CARTER,5609
44010489,Elizabeth,CARTER,5550
44010489,Elizabeth,CARTER,5206
44010489,Elizabeth,CARTER,5157
44010489,Elizabeth,CARTER,4788
44010489,Elizabeth,CARTER,4748
44010489,Elizabeth,CARTER,4724
44010489,Elizabeth,CARTER,4804
44010489,Elizabeth,CARTER,5061
74479388,Ryan,FLORES,5061
74479388,Ryan,FLORES,4663
74479388,Ryan,FLORES,4425
74479388,Ryan,FLORES,4226
74479388,Ryan,FLORES,4724
74479388,Ryan,FLORES,4811
74479388,Ryan,FLORES,5329
74479388,Ryan,FLORES,5220
74479388,Ryan,FLORES,4964
16298648,Ella,COOPER,4933
16298648,Ella,COOPER,5325
16298648,Ella,COOPER,5652
16298648,Ella,COOPER,5631
16298648,Ella,COOPER,5922
16298648,Ella,COOPER,5828
16298648,Ella,COOPER,5827
16298648,Ella,COOPER,5822
16298648,Ella,COOPER,5699
23107920,Aaron,DIAZ,5656
23107920,Aaron,DIAZ,5745
23107920,Aaron,DIAZ,5511
23107920,Aaron,DIAZ,5271
23107920,Aaron,DIAZ,4853
23107920,Aaron,DIAZ,5142
23107920,Aaron,DIAZ,5139
23107920,Aaron,DIAZ,4972
23107920,Aaron,DIAZ,4942
6682187,Josiah,CRUZ,4941
6682187,Josiah,CRUZ,4563
6682187,Josiah,CRUZ,5220
6682187,Josiah,CRUZ,5463
6682187,Josiah,CRUZ,5417
6682187,Josiah,CRUZ,5434
6682187,Josiah,CRUZ,5443
6682187,Josiah,CRUZ,5808
6682187,Josiah,CRUZ,5759
51388718,Jordan,POWELL,5792
51388718,Jordan,POWELL,5561
51388718,Jordan,POWELL,5448
51388718,Jordan,POWELL,5441
51388718,Jordan,POWELL,5274
51388718,Jordan,POWELL,5465
51388718,Jordan,POWELL,5487
51388718,Jordan,POWELL,5466
51388718,Jordan,POWELL,5424
92221658,Jacob,GARCIA,5365
92221658,Jacob,GARCIA,5393
92221658,Jacob,GARCIA,5310
92221658,Jacob,GARCIA,5114
92221658,Jacob,GARCIA,5358
92221658,Jacob,GARCIA,5337
92221658,Jacob,GARCIA,5337
92221658,Jacob,GARCIA,5823
92221658,Jacob,GARCIA,5734
17354199,Elijah,MARTIN,5730
17354199,Elijah,MARTIN,5575
17354199,Elijah,MARTIN,5614
17354199,Elijah,MARTIN,5607
17354199,Elijah,MARTIN,5351
17354199,Elijah,MARTIN,5290
17354199,Elijah,MARTIN,5206
17354199,Elijah,MARTIN,5203
17354199,Elijah,MARTIN,5197
19940584,David,LEWIS,5205
19940584,David,LEWIS,5371
19940584,David,LEWIS,5183
19940584,David,LEWIS,5200
19940584,David,LEWIS,5178
19940584,David,LEWIS,5074
19940584,David,LEWIS,5417
19940584,David,LEWIS,5423
19940584,David,LEWIS,5397
85132902,John,KING,5392
85132902,John,KING,5347
85132902,John,KING,5297
85132902,John,KING,5162
85132902,John,KING,5114
85132902,John,KING,5679
85132902,John,KING,5657
85132902,John,KING,5602
85132902,John,KING,5100
38593164,Christopher,MITCHELL,4760
38593164,Christopher,MITCHELL,4918
38593164,Christopher,MITCHELL,4953
38593164,Christopher,MITCHELL,5058
38593164,Christopher,MITCHELL,5051
38593164,Christopher,MITCHELL,4989
38593164,Christopher,MITCHELL,5690
38593164,Christopher,MITCHELL,5618
38593164,Christopher,MITCHELL,5615
14940507,Caleb,EDWARDS,5584
14940507,Caleb,EDWARDS,5560
14940507,Caleb,EDWARDS,5543
14940507,Caleb,EDWARDS,5857
14940507,Caleb,EDWARDS,5735
14940507,Caleb,EDWARDS,5808
14940507,Caleb,EDWARDS,5544
14940507,Caleb,EDWARDS,6001
14940507,Caleb,EDWARDS,5606
17950311,Landon,MORGAN,5603
17950311,Landon,MORGAN,5592
17950311,Landon,MORGAN,5583
17950311,Landon,MORGAN,5562
17950311,Landon,MORGAN,5320
17950311,Landon,MORGAN,5760
17950311,Landon,MORGAN,5739
17950311,Landon,MORGAN,5725
17950311,Landon,MORGAN,5718
52599914,Charles,WARD,5838
52599914,Charles,WARD,5600
52599914,Charles,WARD,5601
52599914,Charles,WARD,5484
52599914,Charles,WARD,5477
52599914,Charles,WARD,5473
52599914,Charles,WARD,5696
52599914,Charles,WARD,5689
52599914,Charles,WARD,5617
74097926,Addison,JAMES,5586
74097926,Addison,JAMES,5635
74097926,Addison,JAMES,5630
74097926,Addison,JAMES,5615
74097926,Addison,JAMES,5608
74097926,Addison,JAMES,5441
74097926,Addison,JAMES,5437
74097926,Addison,JAMES,5692
74097926,Addison,JAMES,5682
92610185,Colton,ROSS,5540
92610185,Colton,ROSS,5820
92610185,Colton,ROSS,5985
92610185,Colton,ROSS,6239
92610185,Colton,ROSS,6678
92610185,Colton,ROSS,6359
92610185,Colton,ROSS,6267
92610185,Colton,ROSS,6262
92610185,Colton,ROSS,6003
44610776,Mason,MILLER,5918
44610776,Mason,MILLER,5885
44610776,Mason,MILLER,5866
44610776,Mason,MILLER,5858
44610776,Mason,MILLER,5852
44610776,Mason,MILLER,5724
44610776,Mason,MILLER,5683
44610776,Mason,MILLER,5656
44610776,Mason,MILLER,5688
48968928,Michael,HERNANDEZ,5535
48968928,Michael,HERNANDEZ,5504
48968928,Michael,HERNANDEZ,5378
48968928,Michael,HERNANDEZ,5554
48968928,Michael,HERNANDEZ,6155
48968928,Michael,HERNANDEZ,6142
48968928,Michael,HERNANDEZ,6011
48968928,Michael,HERNANDEZ,5956
48968928,Michael,HERNANDEZ,5755
82892168,Jackson,HARRIS,5756
82892168,Jackson,HARRIS,5755
82892168,Jackson,HARRIS,5427
82892168,Jackson,HARRIS,5406
82892168,Jackson,HARRIS,5365
82892168,Jackson,HARRIS,5365
82892168,Jackson,HARRIS,5513
82892168,Jackson,HARRIS,5421
82892168,Jackson,HARRIS,5688
21790010,Carter,SANCHEZ,5569
21790010,Carter,SANCHEZ,5320
21790010,Carter,SANCHEZ,5319
21790010,Carter,SANCHEZ,5306
21790010,Carter,SANCHEZ,5198
21790010,Carter,SANCHEZ,5149
21790010,Carter,SANCHEZ,5412
21790010,Carter,SANCHEZ,5353
21790010,Carter,SANCHEZ,5419
90071858,Isaac,RAMIREZ,6099
90071858,Isaac,RAMIREZ,5871
90071858,Isaac,RAMIREZ,5852
90071858,Isaac,RAMIREZ,5688
90071858,Isaac,RAMIREZ,6081
90071858,Isaac,RAMIREZ,6283
90071858,Isaac,RAMIREZ,5957
90071858,Isaac,RAMIREZ,5946
90071858,Isaac,RAMIREZ,6138
9913143,Evelyn,PARKER,6116
9913143,Evelyn,PARKER,6023
9913143,Evelyn,PARKER,5463
9913143,Evelyn,PARKER,5459
9913143,Evelyn,PARKER,5459
9913143,Evelyn,PARKER,5234
9913143,Evelyn,PARKER,5847
9913143,Evelyn,PARKER,5863
9913143,Evelyn,PARKER,5956
51215223,Jaxon,COOK,5944
51215223,Jaxon,COOK,5944
51215223,Jaxon,COOK,5943
51215223,Jaxon,COOK,5858
51215223,Jaxon,COOK,5716
51215223,Jaxon,COOK,5977
51215223,Jaxon,COOK,5961
51215223,Jaxon,COOK,6300
51215223,Jaxon,COOK,6283
25892385,Isaiah,KELLY,5983
25892385,Isaiah,KELLY,5896
25892385,Isaiah,KELLY,5898
25892385,Isaiah,KELLY,5834
25892385,Isaiah,KELLY,5568
25892385,Isaiah,KELLY,5680
25892385,Isaiah,KELLY,5672
25892385,Isaiah,KELLY,5379
25892385,Isaiah,KELLY,5333
64026645,Jeremiah,BENNETT,5219
64026645,Jeremiah,BENNETT,5166
64026645,Jeremiah,BENNETT,5309
64026645,Jeremiah,BENNETT,5295
64026645,Jeremiah,BENNETT,5458
64026645,Jeremiah,BENNETT,5590
64026645,Jeremiah,BENNETT,5480
64026645,Jeremiah,BENNETT,5301
64026645,Jeremiah,BENNETT,5577
12727287,Aria,FOSTER,5503
12727287,Aria,FOSTER,5455
12727287,Aria,FOSTER,5454
12727287,Aria,FOSTER,5589
12727287,Aria,FOSTER,5119
12727287,Aria,FOSTER,5111
12727287,Aria,FOSTER,5198
12727287,Aria,FOSTER,5155
12727287,Aria,FOSTER,5069
25207574,Liam,BROWN,5037
25207574,Liam,BROWN,4662
25207574,Liam,BROWN,4597
25207574,Liam,BROWN,4315
25207574,Liam,BROWN,3957
25207574,Liam,BROWN,3734
25207574,Liam,BROWN,3715
25207574,Liam,BROWN,3650
25207574,Liam,BROWN,3918
15042879,James,TAYLOR,4053
15042879,James,TAYLOR,4106
15042879,James,TAYLOR,4774
15042879,James,TAYLOR,4708
15042879,James,TAYLOR,4617
15042879,James,TAYLOR,4635
15042879,James,TAYLOR,4641
15042879,James,TAYLOR,4458
15042879,James,TAYLOR,4457
87320863,Abigail,LEE,5049
87320863,Abigail,LEE,5026
87320863,Abigail,LEE,5043
87320863,Abigail,LEE,5453
87320863,Abigail,LEE,5404
87320863,Abigail,LEE,5830
87320863,Abigail,LEE,5727
87320863,Abigail,LEE,5716
87320863,Abigail,LEE,5909
15556694,Gabriel,YOUNG,5883
15556694,Gabriel,YOUNG,5872
15556694,Gabriel,YOUNG,5944
15556694,Gabriel,YOUNG,5880
15556694,Gabriel,YOUNG,5799
15556694,Gabriel,YOUNG,5905
15556694,Gabriel,YOUNG,5905
15556694,Gabriel,YOUNG,5888
15556694,Gabriel,YOUNG,5453
48147282,Madison,NELSON,5453
48147282,Madison,NELSON,5502
48147282,Madison,NELSON,5403
48147282,Madison,NELSON,5585
48147282,Madison,NELSON,5519
48147282,Madison,NELSON,5313
48147282,Madison,NELSON,5307
48147282,Madison,NELSON,5283
48147282,Madison,NELSON,5280
30910453,Sebastian,TURNER,5234
30910453,Sebastian,TURNER,5109
30910453,Sebastian,TURNER,5022
30910453,Sebastian,TURNER,5092
30910453,Sebastian,TURNER,5075
30910453,Sebastian,TURNER,4900
30910453,Sebastian,TURNER,4854
30910453,Sebastian,TURNER,5012
30910453,Sebastian,TURNER,5048
22743061,Levi,MURPHY,4963
22743061,Levi,MURPHY,4937
22743061,Levi,MURPHY,4830
22743061,Levi,MURPHY,4634
22743061,Levi,MURPHY,5021
22743061,Levi,MURPHY,4906
22743061,Levi,MURPHY,5125
22743061,Levi,MURPHY,5088
22743061,Levi,MURPHY,5070
75845356,Jonathan,BELL,4640
75845356,Jonathan,BELL,4507
75845356,Jonathan,BELL,4507
75845356,Jonathan,BELL,4656
75845356,Jonathan,BELL,4666
75845356,Jonathan,BELL,4510
75845356,Jonathan,BELL,4504
75845356,Jonathan,BELL,4485
75845356,Jonathan,BELL,4350
69774524,Zoey,WATSON,4308
69774524,Zoey,WATSON,3602
69774524,Zoey,WATSON,3602
69774524,Zoey,WATSON,3478
69774524,Zoey,WATSON,4125
69774524,Zoey,WATSON,4125
69774524,Zoey,WATSON,4425
69774524,Zoey,WATSON,4182
69774524,Zoey,WATSON,4133
94037365,Natalie,MYERS,3955
94037365,Natalie,MYERS,4039
94037365,Natalie,MYERS,4177
94037365,Natalie,MYERS,4468
94037365,Natalie,MYERS,4394
94037365,Natalie,MYERS,4361
94037365,Natalie,MYERS,4680
94037365,Natalie,MYERS,4646
94037365,Natalie,MYERS,4317
17684514,Olivia,JOHNSON,4264
17684514,Olivia,JOHNSON,4229
17684514,Olivia,JOHNSON,4234
17684514,Olivia,JOHNSON,4285
17684514,Olivia,JOHNSON,4234
17684514,Olivia,JOHNSON,4226
17684514,Olivia,JOHNSON,4116
17684514,Olivia,JOHNSON,4111
17684514,Olivia,JOHNSON,3992
16694058,Ethan,MARTINEZ,4190
16694058,Ethan,MARTINEZ,4159
16694058,Ethan,MARTINEZ,4147
16694058,Ethan,MARTINEZ,4107
16694058,Ethan,MARTINEZ,4104
16694058,Ethan,MARTINEZ,3989
16694058,Ethan,MARTINEZ,3815
16694058,Ethan,MARTINEZ,3919
16694058,Ethan,MARTINEZ,4017
49854643,Logan,WHITE,4009
49854643,Logan,WHITE,3938
49854643,Logan,WHITE,4202
49854643,Logan,WHITE,4176
49854643,Logan,WHITE,4433
49854643,Logan,WHITE,4184
49854643,Logan,WHITE,4305
49854643,Logan,WHITE,4305
49854643,Logan,WHITE,4854
83449068,Joseph,PEREZ,4785
83449068,Joseph,PEREZ,4679
83449068,Joseph,PEREZ,4581
83449068,Joseph,PEREZ,4577
83449068,Joseph,PEREZ,5206
83449068,Joseph,PEREZ,5241
83449068,Joseph,PEREZ,5240
83449068,Joseph,PEREZ,5364
83449068,Joseph,PEREZ,5344
84953934,Luke,BAKER,5335
84953934,Luke,BAKER,5298
84953934,Luke,BAKER,5733
84953934,Luke,BAKER,5728
84953934,Luke,BAKER,5504
84953934,Luke,BAKER,5430
84953934,Luke,BAKER,5405
84953934,Luke,BAKER,5345
84953934,Luke,BAKER,5929
15985104,Sofia,PHILLIPS,5874
15985104,Sofia,PHILLIPS,5757
15985104,Sofia,PHILLIPS,5804
15985104,Sofia,PHILLIPS,5719
15985104,Sofia,PHILLIPS,5490
15985104,Sofia,PHILLIPS,5553
15985104,Sofia,PHILLIPS,5379
15985104,Sofia,PHILLIPS,5265
15985104,Sofia,PHILLIPS,5260
57263250,Jack,MORRIS,5295
57263250,Jack,MORRIS,5283
57263250,Jack,MORRIS,5250
57263250,Jack,MORRIS,5239
57263250,Jack,MORRIS,5180
57263250,Jack,MORRIS,5177
57263250,Jack,MORRIS,5092
57263250,Jack,MORRIS,5051
57263250,Jack,MORRIS,5111
79400170,Grayson,REED,4799
79400170,Grayson,REED,5263
79400170,Grayson,REED,5075
79400170,Grayson,REED,5447
79400170,Grayson,REED,5377
79400170,Grayson,REED,5253
79400170,Grayson,REED,5176
79400170,Grayson,REED,5341
79400170,Grayson,REED,5320
29840149,Scarlett,RICHARDSON,5293
29840149,Scarlett,RICHARDSON,5202
29840149,Scarlett,RICHARDSON,5236
29840149,Scarlett,RICHARDSON,5351
29840149,Scarlett,RICHARDSON,5350
29840149,Scarlett,RICHARDSON,5328
29840149,Scarlett,RICHARDSON,5310
29840149,Scarlett,RICHARDSON,5253
29840149,Scarlett,RICHARDSON,5982
97266415,Lillian,HUGHES,6134
97266415,Lillian,HUGHES,6065
97266415,Lillian,HUGHES,6612
97266415,Lillian,HUGHES,6585
97266415,Lillian,HUGHES,6306
97266415,Lillian,HUGHES,6969
97266415,Lillian,HUGHES,6969
97266415,Lillian,HUGHES,6953
97266415,Lillian,HUGHES,7220
14737352,Brayden,SULLIVAN,7644
14737352,Brayden,SULLIVAN,7663
14737352,Brayden,SULLIVAN,7627
14737352,Brayden,SULLIVAN,7672
14737352,Brayden,SULLIVAN,8293
14737352,Brayden,SULLIVAN,8092
14737352,Brayden,SULLIVAN,8242
14737352,Brayden,SULLIVAN,8242
14737352,Brayden,SULLIVAN,8530
39673265,William,RODRIGUEZ,8562
39673265,William,RODRIGUEZ,8359
39673265,William,RODRIGUEZ,8469
39673265,William,RODRIGUEZ,8342
39673265,William,RODRIGUEZ,8547
39673265,William,RODRIGUEZ,8511
39673265,William,RODRIGUEZ,8507
39673265,William,RODRIGUEZ,8505
39673265,William,RODRIGUEZ,8558
91260342,Daniel,JACKSON,8427
91260342,Daniel,JACKSON,8202
91260342,Daniel,JACKSON,8200
91260342,Daniel,JACKSON,8035
91260342,Daniel,JACKSON,7889
91260342,Daniel,JACKSON,7744
91260342,Daniel,JACKSON,7685
91260342,Daniel,JACKSON,7704
91260342,Daniel,JACKSON,7690
76318029,Oliver,ROBINSON,7489
76318029,Oliver,ROBINSON,7620
76318029,Oliver,ROBINSON,7614
76318029,Oliver,ROBINSON,7310
76318029,Oliver,ROBINSON,7077
76318029,Oliver,ROBINSON,6727
76318029,Oliver,ROBINSON,6723
76318029,Oliver,ROBINSON,6589
76318029,Oliver,ROBINSON,6285
24128861,Harper,SCOTT,5882
24128861,Harper,SCOTT,5853
24128861,Harper,SCOTT,5528
24128861,Harper,SCOTT,5335
24128861,Harper,SCOTT,5327
24128861,Harper,SCOTT,5819
24128861,Harper,SCOTT,5878
24128861,Harper,SCOTT,5873
24128861,Harper,SCOTT,5960
17677850,Joshua,ROBERTS,5868
17677850,Joshua,ROBERTS,5860
17677850,Joshua,ROBERTS,6021
17677850,Joshua,ROBERTS,6008
17677850,Joshua,ROBERTS,5931
17677850,Joshua,ROBERTS,5862
17677850,Joshua,ROBERTS,5851
17677850,Joshua,ROBERTS,5688
17677850,Joshua,ROBERTS,5472
17973926,Nathan,STEWART,5829
17973926,Nathan,STEWART,5716
17973926,Nathan,STEWART,5672
17973926,Nathan,STEWART,5575
17973926,Nathan,STEWART,6060
17973926,Nathan,STEWART,6088
17973926,Nathan,STEWART,6487
17973926,Nathan,STEWART,6477
17973926,Nathan,STEWART,6357
55950440,Chloe,PETERSON,6323
55950440,Chloe,PETERSON,6566
55950440,Chloe,PETERSON,6532
55950440,Chloe,PETERSON,6601
55950440,Chloe,PETERSON,6567
55950440,Chloe,PETERSON,6556
55950440,Chloe,PETERSON,6863
55950440,Chloe,PETERSON,6854
55950440,Chloe,PETERSON,7033
32257432,Thomas,COX,7030
32257432,Thomas,COX,7057
32257432,Thomas,COX,7000
32257432,Thomas,COX,6938
32257432,Thomas,COX,7653
32257432,Thomas,COX,7562
32257432,Thomas,COX,7608
32257432,Thomas,COX,7352
32257432,Thomas,COX,6939
72158779,Lily,REYES,6979
72158779,Lily,REYES,6982
72158779,Lily,REYES,6925
72158779,Lily,REYES,6929
72158779,Lily,REYES,7301
72158779,Lily,REYES,7423
72158779,Lily,REYES,7441
72158779,Lily,REYES,7261
72158779,Lily,REYES,7200
89771721,Brooklyn,MORALES,7163
89771721,Brooklyn,MORALES,7237
89771721,Brooklyn,MORALES,7188
89771721,Brooklyn,MORALES,7268
89771721,Brooklyn,MORALES,7668
89771721,Brooklyn,MORALES,7535
89771721,Brooklyn,MORALES,7881
89771721,Brooklyn,MORALES,7879
89771721,Brooklyn,MORALES,7833
21305221,Ava,DAVIS,8587
21305221,Ava,DAVIS,8593
21305221,Ava,DAVIS,8572
21305221,Ava,DAVIS,8398
21305221,Ava,DAVIS,8068
21305221,Ava,DAVIS,7926
21305221,Ava,DAVIS,8365
21305221,Ava,DAVIS,8355
21305221,Ava,DAVIS,9190
26810585,Benjamin,MOORE,9737
26810585,Benjamin,MOORE,9180
26810585,Benjamin,MOORE,9234
26810585,Benjamin,MOORE,9281
26810585,Benjamin,MOORE,9160
26810585,Benjamin,MOORE,9144
26810585,Benjamin,MOORE,9142
26810585,Benjamin,MOORE,9143
26810585,Benjamin,MOORE,9182
89567324,Emily,CLARK,9367
89567324,Emily,CLARK,9325
89567324,Emily,CLARK,9079
89567324,Emily,CLARK,8714
89567324,Emily,CLARK,8705
89567324,Emily,CLARK,9492
89567324,Emily,CLARK,10217
89567324,Emily,CLARK,9836
89567324,Emily,CLARK,9801
93836671,Anthony,WRIGHT,10110
93836671,Anthony,WRIGHT,9557
93836671,Anthony,WRIGHT,9549
93836671,Anthony,WRIGHT,9710
93836671,Anthony,WRIGHT,9814
93836671,Anthony,WRIGHT,9583
93836671,Anthony,WRIGHT,9560
93836671,Anthony,WRIGHT,10018
93836671,Anthony,WRIGHT,10199
77638689,Amelia,CAMPBELL,10650
77638689,Amelia,CAMPBELL,10647
77638689,Amelia,CAMPBELL,10784
77638689,Amelia,CAMPBELL,10784
77638689,Amelia,CAMPBELL,10741
77638689,Amelia,CAMPBELL,10701
77638689,Amelia,CAMPBELL,10702
77638689,Amelia,CAMPBELL,10865
77638689,Amelia,CAMPBELL,10810
95782909,Avery,COLLINS,10763
95782909,Avery,COLLINS,10752
95782909,Avery,COLLINS,10818
95782909,Avery,COLLINS,10808
95782909,Avery,COLLINS,10762
95782909,Avery,COLLINS,10813
95782909,Avery,COLLINS,10956
95782909,Avery,COLLINS,10971
95782909,Avery,COLLINS,11042
96266209,Julian,ROGERS,11015
96266209,Julian,ROGERS,10918
96266209,Julian,ROGERS,10870
96266209,Julian,ROGERS,11007
96266209,Julian,ROGERS,10898
96266209,Julian,ROGERS,10871
96266209,Julian,ROGERS,10359
96266209,Julian,ROGERS,10353
96266209,Julian,ROGERS,10346
59106979,Aubrey,HOWARD,10344
59106979,Aubrey,HOWARD,10138
59106979,Aubrey,HOWARD,10111
59106979,Aubrey,HOWARD,10003
59106979,Aubrey,HOWARD,9788
59106979,Aubrey,HOWARD,9698
59106979,Aubrey,HOWARD,9740
59106979,Aubrey,HOWARD,9843
59106979,Aubrey,HOWARD,9804
10706199,Cameron,GRAY,10258
10706199,Cameron,GRAY,10141
10706199,Cameron,GRAY,10272
10706199,Cameron,GRAY,10265
10706199,Cameron,GRAY,10265
10706199,Cameron,GRAY,10726
10706199,Cameron,GRAY,10996
10706199,Cameron,GRAY,10965
10706199,Cameron,GRAY,11242
39306582,Layla,SANDERS,11232
39306582,Layla,SANDERS,11406
39306582,Layla,SANDERS,11399
39306582,Layla,SANDERS,11559
39306582,Layla,SANDERS,11575
39306582,Layla,SANDERS,11515
39306582,Layla,SANDERS,11501
39306582,Layla,SANDERS,11331
39306582,Layla,SANDERS,11750
18407857,Sophia,JONES,11923
18407857,Sophia,JONES,11927
18407857,Sophia,JONES,11950
18407857,Sophia,JONES,12031
18407857,Sophia,JONES,11964
18407857,Sophia,JONES,12292
18407857,Sophia,JONES,12288
18407857,Sophia,JONES,12282
18407857,Sophia,JONES,12567
88767696,Alexander,THOMAS,13034
88767696,Alexander,THOMAS,12908
88767696,Alexander,THOMAS,13248
88767696,Alexander,THOMAS,13227
88767696,Alexander,THOMAS,13219
88767696,Alexander,THOMAS,13142
88767696,Alexander,THOMAS,13074
88767696,Alexander,THOMAS,12923
88767696,Alexander,THOMAS,13154
57950682,Lucas,GONZALEZ,13120
57950682,Lucas,GONZALEZ,12503
57950682,Lucas,GONZALEZ,12860
57950682,Lucas,GONZALEZ,13215
57950682,Lucas,GONZALEZ,12733
57950682,Lucas,GONZALEZ,12697
57950682,Lucas,GONZALEZ,12257
57950682,Lucas,GONZALEZ,12387
57950682,Lucas,GONZALEZ,12939
16214215,Samuel,ALLEN,12940
16214215,Samuel,ALLEN,13189
16214215,Samuel,ALLEN,13555
16214215,Samuel,ALLEN,13553
16214215,Samuel,ALLEN,13525
16214215,Samuel,ALLEN,13386
16214215,Samuel,ALLEN,13438
16214215,Samuel,ALLEN,14045
16214215,Samuel,ALLEN,14233
85673475,Andrew,HILL,14185
85673475,Andrew,HILL,13870
85673475,Andrew,HILL,13822
85673475,Andrew,HILL,13872
85673475,Andrew,HILL,13778
85673475,Andrew,HILL,13226
85673475,Andrew,HILL,13520
85673475,Andrew,HILL,13375
85673475,Andrew,HILL,13383
81804714,Owen,TORRES,13354
81804714,Owen,TORRES,13504
81804714,Owen,TORRES,13473
81804714,Owen,TORRES,13451
81804714,Owen,TORRES,13450
81804714,Owen,TORRES,13423
81804714,Owen,TORRES,13464
81804714,Owen,TORRES,13461
81804714,Owen,TORRES,13223
6274097,Christian,RIVERA,13576
6274097,Christian,RIVERA,12851
6274097,Christian,RIVERA,13167
6274097,Christian,RIVERA,13007
6274097,Christian,RIVERA,13006
6274097,Christian,RIVERA,13078
6274097,Christian,RIVERA,12852
6274097,Christian,RIVERA,12802
6274097,Christian,RIVERA,12460
43421003,Victoria,GOMEZ,12413
43421003,Victoria,GOMEZ,12400
43421003,Victoria,GOMEZ,12315
43421003,Victoria,GOMEZ,12290
43421003,Victoria,GOMEZ,12246
43421003,Victoria,GOMEZ,12229
43421003,Victoria,GOMEZ,11822
43421003,Victoria,GOMEZ,11794
43421003,Victoria,GOMEZ,12003
47156433,Connor,BROOKS,11865
47156433,Connor,BROOKS,12362
47156433,Connor,BROOKS,11899
47156433,Connor,BROOKS,11855
47156433,Connor,BROOKS,11780
47156433,Connor,BROOKS,12229
47156433,Connor,BROOKS,12197
47156433,Connor,BROOKS,12326
47156433,Connor,BROOKS,11944
86512929,Hannah,LONG,11947
86512929,Hannah,LONG,11867
86512929,Hannah,LONG,11764
86512929,Hannah,LONG,11755
86512929,Hannah,LONG,11657
86512929,Hannah,LONG,11727
86512929,Hannah,LONG,11414
86512929,Hannah,LONG,11417
86512929,Hannah,LONG,11101
37663281,Noah,WILLIAMS,11677
37663281,Noah,WILLIAMS,11461
37663281,Noah,WILLIAMS,11407
37663281,Noah,WILLIAMS,11297
37663281,Noah,WILLIAMS,11235
37663281,Noah,WILLIAMS,11171
37663281,Noah,WILLIAMS,11113
37663281,Noah,WILLIAMS,11061
37663281,Noah,WILLIAMS,11032
86786644,Mia,ANDERSON,11002
86786644,Mia,ANDERSON,11168
86786644,Mia,ANDERSON,11172
86786644,Mia,ANDERSON,11164
86786644,Mia,ANDERSON,11532
86786644,Mia,ANDERSON,11531
86786644,Mia,ANDERSON,11531
86786644,Mia,ANDERSON,11048
86786644,Mia,ANDERSON,10976
27457767,Matthew,LOPEZ,10965
27457767,Matthew,LOPEZ,10580
27457767,Matthew,LOPEZ,10508
27457767,Matthew,LOPEZ,10614
27457767,Matthew,LOPEZ,10722
27457767,Matthew,LOPEZ,11005
27457767,Matthew,LOPEZ,11001
27457767,Matthew,LOPEZ,10519
27457767,Matthew,LOPEZ,10449
23105303,Charlotte,HALL,10353
23105303,Charlotte,HALL,10407
23105303,Charlotte,HALL,10250
23105303,Charlotte,HALL,10234
23105303,Charlotte,HALL,10503
23105303,Charlotte,HALL,10790
23105303,Charlotte,HALL,11262
23105303,Charlotte,HALL,11190
23105303,Charlotte,HALL,11205
73373434,Henry,ADAMS,11202
73373434,Henry,ADAMS,11113
73373434,Henry,ADAMS,10997
73373434,Henry,ADAMS,10989
73373434,Henry,ADAMS,10974
73373434,Henry,ADAMS,10924
73373434,Henry,ADAMS,10923
73373434,Henry,ADAMS,10910
73373434,Henry,ADAMS,10905
65178875,Wyatt,EVANS,11168
65178875,Wyatt,EVANS,10974
65178875,Wyatt,EVANS,11404
65178875,Wyatt,EVANS,11683
65178875,Wyatt,EVANS,11653
65178875,Wyatt,EVANS,11534
65178875,Wyatt,EVANS,11458
65178875,Wyatt,EVANS,11448
65178875,Wyatt,EVANS,11439
99637903,Hunter,NGUYEN,11419
99637903,Hunter,NGUYEN,11491
99637903,Hunter,NGUYEN,11485
99637903,Hunter,NGUYEN,11882
99637903,Hunter,NGUYEN,12097
99637903,Hunter,NGUYEN,12004
99637903,Hunter,NGUYEN,11720
99637903,Hunter,NGUYEN,11713
99637903,Hunter,NGUYEN,11694
45349545,Grace,BAILEY,11546
45349545,Grace,BAILEY,11151
45349545,Grace,BAILEY,11117
45349545,Grace,BAILEY,11093
45349545,Grace,BAILEY,11034
45349545,Grace,BAILEY,11371
45349545,Grace,BAILEY,11439
45349545,Grace,BAILEY,11816
45349545,Grace,BAILEY,11735
36633301,Eli,WOOD,11664
36633301,Eli,WOOD,12505
36633301,Eli,WOOD,12784
36633301,Eli,WOOD,12779
36633301,Eli,WOOD,12777
36633301,Eli,WOOD,12850
36633301,Eli,WOOD,12837
36633301,Eli,WOOD,13210
36633301,Eli,WOOD,13169
15319742,Adrian,PRICE,13747
15319742,Adrian,PRICE,13570
15319742,Adrian,PRICE,13484
15319742,Adrian,PRICE,14216
15319742,Adrian,PRICE,14210
15319742,Adrian,PRICE,14345
15319742,Adrian,PRICE,14389
15319742,Adrian,PRICE,14385
15319742,Adrian,PRICE,14227
5435681,Emma,SMITH,14227
5435681,Emma,SMITH,14394
5435681,Emma,SMITH,14160
5435681,Emma,SMITH,14170
5435681,Emma,SMITH,14041
5435681,Emma,SMITH,14024
5435681,Emma,SMITH,14106
5435681,Emma,SMITH,14051
5435681,Emma,SMITH,14021
25038144,Isabella,WILSON,13708
25038144,Isabella,WILSON,13631
25038144,Isabella,WILSON,13542
25038144,Isabella,WILSON,13655
25038144,Isabella,WILSON,13862
25038144,Isabella,WILSON,13468
25038144,Isabella,WILSON,13399
25038144,Isabella,WILSON,13391
25038144,Isabella,WILSON,13695
95016193,Aiden,THOMPSON,13463
95016193,Aiden,THOMPSON,13815
95016193,Aiden,THOMPSON,13885
95016193,Aiden,THOMPSON,13828
95016193,Aiden,THOMPSON,14347
95016193,Aiden,THOMPSON,14287
95016193,Aiden,THOMPSON,14859
95016193,Aiden,THOMPSON,15336
95016193,Aiden,THOMPSON,15328
71778239,Jayden,WALKER,15186
71778239,Jayden,WALKER,15550
71778239,Jayden,WALKER,15540
71778239,Jayden,WALKER,16293
71778239,Jayden,WALKER,16288
71778239,Jayden,WALKER,16155
71778239,Jayden,WALKER,16137
71778239,Jayden,WALKER,16159
71778239,Jayden,WALKER,15970
49844561,Dylan,GREEN,15792
49844561,Dylan,GREEN,15790
49844561,Dylan,GREEN,15735
49844561,Dylan,GREEN,15677
49844561,Dylan,GREEN,15356
49844561,Dylan,GREEN,15343
49844561,Dylan,GREEN,15324
49844561,Dylan,GREEN,15271
49844561,Dylan,GREEN,15211
64623062,Elizabeth,CARTER,15595
64623062,Elizabeth,CARTER,15222
64623062,Elizabeth,CARTER,15013
64623062,Elizabeth,CARTER,15012
64623062,Elizabeth,CARTER,14794
64623062,Elizabeth,CARTER,14772
64623062,Elizabeth,CARTER,14653
64623062,Elizabeth,CARTER,14529
64623062,Elizabeth,CARTER,14481
68277792,Ryan,FLORES,14974
68277792,Ryan,FLORES,14947
68277792,Ryan,FLORES,14811
68277792,Ryan,FLORES,14787
68277792,Ryan,FLORES,14690
68277792,Ryan,FLORES,14635
68277792,Ryan,FLORES,14634
68277792,Ryan,FLORES,15019
68277792,Ryan,FLORES,14672
43864258,Ella,COOPER,14671
43864258,Ella,COOPER,14874
43864258,Ella,COOPER,14893
43864258,Ella,COOPER,14896
43864258,Ella,COOPER,14952
43864258,Ella,COOPER,15064
43864258,Ella,COOPER,15125
43864258,Ella,COOPER,15079
43864258,Ella,COOPER,15255
13863500,Aaron,DIAZ,14663
13863500,Aaron,DIAZ,14630
13863500,Aaron,DIAZ,14560
13863500,Aaron,DIAZ,14531
13863500,Aaron,DIAZ,14612
13863500,Aaron,DIAZ,14798
13863500,Aaron,DIAZ,14434
13863500,Aaron,DIAZ,14533
13863500,Aaron,DIAZ,14248
31694654,Josiah,CRUZ,14566
31694654,Josiah,CRUZ,14553
31694654,Josiah,CRUZ,14535
31694654,Josiah,CRUZ,14176
31694654,Josiah,CRUZ,14104
31694654,Josiah,CRUZ,14193
31694654,Josiah,CRUZ,13744
31694654,Josiah,CRUZ,13313
31694654,Josiah,CRUZ,13244
22610305,Jordan,POWELL,13578
22610305,Jordan,POWELL,13577
22610305,Jordan,POWELL,13572
22610305,Jordan,POWELL,13499
22610305,Jordan,POWELL,13404
22610305,Jordan,POWELL,13833
22610305,Jordan,POWELL,13917
22610305,Jordan,POWELL,13917
22610305,Jordan,POWELL,13912
17219227,Jacob,GARCIA,13824
17219227,Jacob,GARCIA,13707
17219227,Jacob,GARCIA,13662
17219227,Jacob,GARCIA,13599
17219227,Jacob,GARCIA,13594
17219227,Jacob,GARCIA,13353
17219227,Jacob,GARCIA,13353
17219227,Jacob,GARCIA,13326
17219227,Jacob,GARCIA,13148
31490010,Elijah,MARTIN,13156
31490010,Elijah,MARTIN,13156
31490010,Elijah,MARTIN,13151
31490010,Elijah,MARTIN,12810
31490010,Elijah,MARTIN,12430
31490010,Elijah,MARTIN,12158
31490010,Elijah,MARTIN,12112
31490010,Elijah,MARTIN,11704
31490010,Elijah,MARTIN,11691
74129966,David,LEWIS,11736
74129966,David,LEWIS,11571
74129966,David,LEWIS,12268
74129966,David,LEWIS,12263
74129966,David,LEWIS,12332
74129966,David,LEWIS,12175
74129966,David,LEWIS,12169
74129966,David,LEWIS,12075
74129966,David,LEWIS,12069
46899266,John,KING,12069
46899266,John,KING,12058
46899266,John,KING,11985
46899266,John,KING,11985
46899266,John,KING,11621
46899266,John,KING,11620
46899266,John,KING,11226
46899266,John,KING,11202
46899266,John,KING,11270
19292542,Christopher,MITCHELL,11280
19292542,Christopher,MITCHELL,11253
19292542,Christopher,MITCHELL,11231
19292542,Christopher,MITCHELL,11229
19292542,Christopher,MITCHELL,11073
19292542,Christopher,MITCHELL,11057
19292542,Christopher,MITCHELL,11022
19292542,Christopher,MITCHELL,11194
19292542,Christopher,MITCHELL,11114
23910278,Caleb,EDWARDS,11123
23910278,Caleb,EDWARDS,10910
23910278,Caleb,EDWARDS,11096
23910278,Caleb,EDWARDS,11592
23910278,Caleb,EDWARDS,11592
23910278,Caleb,EDWARDS,11563
23910278,Caleb,EDWARDS,11430
23910278,Caleb,EDWARDS,11935
23910278,Caleb,EDWARDS,11673
35890834,Landon,MORGAN,11634
35890834,Landon,MORGAN,11348
35890834,Landon,MORGAN,11311
35890834,Landon,MORGAN,11289
35890834,Landon,MORGAN,11035
35890834,Landon,MORGAN,10958
35890834,Landon,MORGAN,10982
35890834,Landon,MORGAN,11637
35890834,Landon,MORGAN,11626
32139562,Charles,WARD,12151
32139562,Charles,WARD,12262
32139562,Charles,WARD,12116
32139562,Charles,WARD,12041
32139562,Charles,WARD,11513
32139562,Charles,WARD,11508
32139562,Charles,WARD,11566
32139562,Charles,WARD,11495
32139562,Charles,WARD,11474
26977177,Addison,JAMES,11385
